firm_id, sector   , baseline_production, baseline_emissions_intensity, target_emissions_intensity_2025, target_emissions_intensity_2026, risk_aversion, cash_on_hand, revenue_per_unit, is_covered, max_production_change_percent, variable_production_cost, ,            , 
AL_F1  , ALUMINIUM,             1238336,                      13.49  ,                         12.83  ,                         12.83  ,   0.775331388,  35662359000,     148.9941453 , True      ,                           0.1,                      200, , 3.56624E+13, 35662359000
AL_F2  , ALUMINIUM,              374049,                      15.63  ,                         14.74  ,                         14.74  ,   0.81512925 ,  12723863000,     112.5390934 , True      ,                           0.1,                      200, , 1.27239E+13, 12723863000
AL_F3  , ALUMINIUM,              591844,                      15.71  ,                         14.81  ,                         14.81  ,   0.8388828  ,  25786414000,     169.8858136 , True      ,                           0.1,                      200, , 2.57864E+13, 25786414000
AL_F4  , ALUMINIUM,              372000,                      16.7   ,                         15.68  ,                         15.68  ,   0.712004942,  31622310000,     202.6589987 , True      ,                           0.1,                      200, , 3.16223E+13, 31622310000
AL_F5  , ALUMINIUM,              555854,                      17.08  ,                         16.01  ,                         16.01  ,   0.57663189 ,  49201782000,     175.4679696 , True      ,                           0.1,                      200, , 4.92018E+13, 49201782000
AL_F6  , ALUMINIUM,              473457,                      17.35  ,                         16.25  ,                         16.25  ,   0.803265391,  20175337000,     179.7337745 , True      ,                           0.1,                      200, , 2.01753E+13, 20175337000
AL_F7  , ALUMINIUM,              178830,                      19.28  ,                         17.92  ,                         17.92  ,   0.381747304,  13814530000,     149.433548  , True      ,                           0.1,                      200, , 1.38145E+13, 13814530000
AL_F8  , ALUMINIUM,              423704,                      20.55  ,                         19.36  ,                         19.36  ,   0.372063534,  38975402000,     131.5134064 , True      ,                           0.1,                      200, , 3.89754E+13, 38975402000
AL_F9  , ALUMINIUM,              289121,                       0.55  ,                          0.52  ,                          0.52  ,   0.205878234,  11899315000,     157.0151923 , True      ,                           0.1,                      200, , 1.18993E+13, 11899315000
AL_F10 , ALUMINIUM,             2445383,                       0.84  ,                          0.8   ,                          0.8   ,   0.218117066,  27986207000,     185.7480654 , True      ,                           0.1,                      200, , 2.79862E+13, 27986207000
AL_F11 , ALUMINIUM,             1813703,                       0.94  ,                          0.89  ,                          0.89  ,   0.403772242,  41133165000,     166.1179971 , True      ,                           0.1,                      200, , 4.11332E+13, 41133165000
AL_F12 , ALUMINIUM,             2095026,                       1.19  ,                          1.11  ,                          1.11  ,   0.564569618,  47726421000,     134.6113858 , True      ,                           0.1,                      200, , 4.77264E+13, 47726421000
AL_F13 , ALUMINIUM,              372507,                       1.44  ,                          1.34  ,                          1.34  ,   0.716162647,  45426840000,     144.2452895 , True      ,                           0.1,                      200, , 4.54268E+13, 45426840000
AL_F14 , ALUMINIUM,               46845,                       1.3386,                          1.2563,                          1.2563,   0.241281456,  29563672000,     188.1838782 , True      ,                           0.1,                      200, , 2.95637E+13, 29563672000
AL_F15 , ALUMINIUM,              103292,                       1.165 ,                          1.1027,                          1.1027,   0.605434712,  47625138000,     162.9159898 , True      ,                           0.1,                      200, , 4.76251E+13, 47625138000
AL_F16 , ALUMINIUM,               27265,                       1.4372,                          1.3423,                          1.3423,   0.348860159,  31844973000,     131.2455374 , True      ,                           0.1,                      200, , 3.1845E+13 , 31844973000
CE_F1  , CEMENT   ,             3532948,                       0.45  ,                          0.44  ,                          0.44  ,   0.481142149,  31189547000,     206.9054609 , True      ,                           0.1,                      200, , 3.11895E+13, 31189547000
CE_F2  , CEMENT   ,             2629151,                       0.49  ,                          0.48  ,                          0.48  ,   0.667143894,  28202549000,     161.5681761 , True      ,                           0.1,                      200, , 2.82025E+13, 28202549000
CE_F3  , CEMENT   ,             3166423,                       0.52  ,                          0.51  ,                          0.51  ,   0.831635353,  46402872000,     169.8744586 , True      ,                           0.1,                      200, , 4.64029E+13, 46402872000
CE_F4  , CEMENT   ,             1133857,                       0.51  ,                          0.5   ,                          0.5   ,   0.279969036,  26677840000,     143.9800669 , True      ,                           0.1,                      200, , 2.66778E+13, 26677840000
CE_F5  , CEMENT   ,             4286776,                       0.49  ,                          0.48  ,                          0.48  ,   0.778917869,  18086070000,     139.7749648 , True      ,                           0.1,                      200, , 1.80861E+13, 18086070000
CE_F6  , CEMENT   ,            11435872,                       0.47  ,                          0.46  ,                          0.46  ,   0.576311809,  17323581000,     169.199004  , True      ,                           0.1,                      200, , 1.73236E+13, 17323581000
CE_F7  , CEMENT   ,              955372,                       0.53  ,                          0.52  ,                          0.52  ,   0.183529622,  23920387000,     147.6710645 , True      ,                           0.1,                      200, , 2.39204E+13, 23920387000
CE_F8  , CEMENT   ,             4266298,                       0.51  ,                          0.5   ,                          0.5   ,   0.599093409,  20106190000,     109.7710942 , True      ,                           0.1,                      200, , 2.01062E+13, 20106190000
CE_F9  , CEMENT   ,             7253059,                       0.5   ,                          0.49  ,                          0.49  ,   0.440208768,  28296906000,     194.027778  , True      ,                           0.1,                      200, , 2.82969E+13, 28296906000
CE_F10 , CEMENT   ,             1527557,                       0.48  ,                          0.47  ,                          0.47  ,   0.117537165,  33219046000,     213.1047772 , True      ,                           0.1,                      200, , 3.3219E+13 , 33219046000
CE_F11 , CEMENT   ,             5723324,                       0.51  ,                          0.5   ,                          0.5   ,   0.243092881,  36460878000,     154.3781272 , True      ,                           0.1,                      200, , 3.64609E+13, 36460878000
CE_F12 , CEMENT   ,             4378944,                       0.5   ,                          0.49  ,                          0.49  ,   0.801683232,  40455635000,     164.3237273 , True      ,                           0.1,                      200, , 4.04556E+13, 40455635000
CE_F13 , CEMENT   ,             7872567,                       0.54  ,                          0.52  ,                          0.52  ,   0.803087182,  27865565000,     123.6007326 , True      ,                           0.1,                      200, , 2.78656E+13, 27865565000
CE_F14 , CEMENT   ,             1446197,                       0.58  ,                          0.56  ,                          0.56  ,   0.500072442,  47867448000,     173.3953911 , True      ,                           0.1,                      200, , 4.78674E+13, 47867448000
CE_F15 , CEMENT   ,             3675964,                       0.5   ,                          0.49  ,                          0.49  ,   0.299965032,  30976023000,     106.4021209 , True      ,                           0.1,                      200, , 3.0976E+13 , 30976023000
CE_F16 , CEMENT   ,             3506174,                       0.53  ,                          0.52  ,                          0.52  ,   0.455410608,  35883201000,     173.1185188 , True      ,                           0.1,                      200, , 3.58832E+13, 35883201000
CE_F17 , CEMENT   ,             1709557,                       0.53  ,                          0.52  ,                          0.52  ,   0.312299196,  17693947000,     181.9707895 , True      ,                           0.1,                      200, , 1.76939E+13, 17693947000
CE_F18 , CEMENT   ,             4978370,                       0.54  ,                          0.53  ,                          0.53  ,   0.55013807 ,  34278100000,     129.6316466 , True      ,                           0.1,                      200, , 3.42781E+13, 34278100000
CE_F19 , CEMENT   ,             5390695,                       0.59  ,                          0.57  ,                          0.57  ,   0.191415811,  47761698000,     162.8264164 , True      ,                           0.1,                      200, , 4.77617E+13, 47761698000
CE_F20 , CEMENT   ,             3935118,                       0.54  ,                          0.53  ,                          0.53  ,   0.487282257,  48976294000,     208.5225313 , True      ,                           0.1,                      200, , 4.89763E+13, 48976294000
CE_F21 , CEMENT   ,             4334256,                       0.52  ,                          0.51  ,                          0.51  ,   0.680922905,  14690158000,     118.8265123 , True      ,                           0.1,                      200, , 1.46902E+13, 14690158000
CE_F22 , CEMENT   ,             2324109,                       0.57  ,                          0.55  ,                          0.55  ,   0.520227186,  32784133000,     137.9731853 , True      ,                           0.1,                      200, , 3.27841E+13, 32784133000
CE_F23 , CEMENT   ,              688284,                       0.59  ,                          0.57  ,                          0.57  ,   0.86599041 ,  44792180000,     128.8865557 , True      ,                           0.1,                      200, , 4.47922E+13, 44792180000
CE_F24 , CEMENT   ,             2295606,                       0.54  ,                          0.52  ,                          0.52  ,   0.132701621,  28013128000,     220.3567168 , True      ,                           0.1,                      200, , 2.80131E+13, 28013128000
CE_F25 , CEMENT   ,             2036938,                       0.54  ,                          0.52  ,                          0.52  ,   0.230400481,  20209661000,     103.4863683 , True      ,                           0.1,                      200, , 2.02097E+13, 20209661000
CE_F26 , CEMENT   ,             5447961,                       0.56  ,                          0.54  ,                          0.54  ,   0.848129227,  19047145000,      91.04600298, True      ,                           0.1,                      200, , 1.90471E+13, 19047145000
CE_F27 , CEMENT   ,             3249503,                       0.57  ,                          0.55  ,                          0.55  ,   0.400890677,  20088187000,     140.6979868 , True      ,                           0.1,                      200, , 2.00882E+13, 20088187000
CE_F28 , CEMENT   ,             1485350,                       0.54  ,                          0.53  ,                          0.53  ,   0.779202288,  40618144000,     144.0819977 , True      ,                           0.1,                      200, , 4.06181E+13, 40618144000
CE_F29 , CEMENT   ,             1407631,                       0.58  ,                          0.57  ,                          0.57  ,   0.667966493,  25733168000,     140.3366093 , True      ,                           0.1,                      200, , 2.57332E+13, 25733168000
CE_F30 , CEMENT   ,             2577580,                       0.55  ,                          0.53  ,                          0.53  ,   0.40513559 ,  46400533000,     162.4333578 , True      ,                           0.1,                      200, , 4.64005E+13, 46400533000
CE_F31 , CEMENT   ,             8710175,                       0.56  ,                          0.54  ,                          0.54  ,   0.676624528,  28225049000,     144.0353915 , True      ,                           0.1,                      200, , 2.8225E+13 , 28225049000
CE_F32 , CEMENT   ,             4781658,                       0.57  ,                          0.55  ,                          0.55  ,   0.811156532,  20936555000,     112.1188782 , True      ,                           0.1,                      200, , 2.09366E+13, 20936555000
CE_F33 , CEMENT   ,             1302776,                       0.59  ,                          0.57  ,                          0.57  ,   0.108581256,  11276716000,     168.4917736 , True      ,                           0.1,                      200, , 1.12767E+13, 11276716000
CE_F34 , CEMENT   ,             3892366,                       0.57  ,                          0.55  ,                          0.55  ,   0.33224385 ,  21588272000,     180.9173828 , True      ,                           0.1,                      200, , 2.15883E+13, 21588272000
CE_F35 , CEMENT   ,             3111156,                       0.58  ,                          0.56  ,                          0.56  ,   0.100302273,  30255865000,     186.0399486 , True      ,                           0.1,                      200, , 3.02559E+13, 30255865000
CE_F36 , CEMENT   ,             6133197,                       0.55  ,                          0.53  ,                          0.53  ,   0.625335316,  46598462000,     127.749529  , True      ,                           0.1,                      200, , 4.65985E+13, 46598462000
CE_F37 , CEMENT   ,             2863675,                       0.59  ,                          0.58  ,                          0.58  ,   0.810840454,  27101444000,     185.8560279 , True      ,                           0.1,                      200, , 2.71014E+13, 27101444000
CE_F38 , CEMENT   ,             4608658,                       0.57  ,                          0.55  ,                          0.55  ,   0.696426013,  22850195000,     150.6531282 , True      ,                           0.1,                      200, , 2.28502E+13, 22850195000
CE_F39 , CEMENT   ,             7605814,                       0.57  ,                          0.55  ,                          0.55  ,   0.585445925,  37633167000,     140.9473364 , True      ,                           0.1,                      200, , 3.76332E+13, 37633167000
CE_F40 , CEMENT   ,            10729705,                       0.57  ,                          0.55  ,                          0.55  ,   0.217873528,  14087422000,     152.6232596 , True      ,                           0.1,                      200, , 1.40874E+13, 14087422000
CE_F41 , CEMENT   ,             2104796,                       0.54  ,                          0.52  ,                          0.52  ,   0.138921931,  19521874000,     140.5878805 , True      ,                           0.1,                      200, , 1.95219E+13, 19521874000
CE_F42 , CEMENT   ,             4941023,                       0.57  ,                          0.55  ,                          0.55  ,   0.122905899,  46498356000,     139.4346862 , True      ,                           0.1,                      200, , 4.64984E+13, 46498356000
CE_F43 , CEMENT   ,             4675397,                       0.55  ,                          0.54  ,                          0.54  ,   0.546746858,  21612562000,     142.3325841 , True      ,                           0.1,                      200, , 2.16126E+13, 21612562000
CE_F44 , CEMENT   ,             3382400,                       0.59  ,                          0.57  ,                          0.57  ,   0.285303985,  16143834000,     174.236618  , True      ,                           0.1,                      200, , 1.61438E+13, 16143834000
CE_F45 , CEMENT   ,             1266649,                       0.59  ,                          0.57  ,                          0.57  ,   0.570404029,  26243923000,     133.0631976 , True      ,                           0.1,                      200, , 2.62439E+13, 26243923000
CE_F46 , CEMENT   ,             4015601,                       0.59  ,                          0.57  ,                          0.57  ,   0.29034265 ,  17166271000,     174.4256861 , True      ,                           0.1,                      200, , 1.71663E+13, 17166271000
CE_F47 , CEMENT   ,              752289,                       0.61  ,                          0.58  ,                          0.58  ,   0.269122401,  49862059000,     111.8429057 , True      ,                           0.1,                      200, , 4.98621E+13, 49862059000
CE_F48 , CEMENT   ,             4770977,                       0.59  ,                          0.57  ,                          0.57  ,   0.299173635,  45828886000,     135.6925861 , True      ,                           0.1,                      200, , 4.58289E+13, 45828886000
CE_F49 , CEMENT   ,             1339254,                       0.59  ,                          0.57  ,                          0.57  ,   0.544272228,  30791603000,     115.8549496 , True      ,                           0.1,                      200, , 3.07916E+13, 30791603000
CE_F50 , CEMENT   ,              697110,                       0.61  ,                          0.59  ,                          0.59  ,   0.813036922,  39626220000,     110.5718085 , True      ,                           0.1,                      200, , 3.96262E+13, 39626220000
CE_F51 , CEMENT   ,              831193,                       0.56  ,                          0.54  ,                          0.54  ,   0.364562538,  32755568000,     200.9990444 , True      ,                           0.1,                      200, , 3.27556E+13, 32755568000
CE_F52 , CEMENT   ,              927668,                       0.58  ,                          0.56  ,                          0.56  ,   0.678605634,  44765344000,     157.7334331 , True      ,                           0.1,                      200, , 4.47653E+13, 44765344000
CE_F53 , CEMENT   ,             2229771,                       0.62  ,                          0.6   ,                          0.6   ,   0.888055455,  36824741000,     124.4772056 , True      ,                           0.1,                      200, , 3.68247E+13, 36824741000
CE_F54 , CEMENT   ,             4473158,                       0.58  ,                          0.56  ,                          0.56  ,   0.522551583,  40271865000,     128.8528473 , True      ,                           0.1,                      200, , 4.02719E+13, 40271865000
CE_F55 , CEMENT   ,             2116986,                       0.6   ,                          0.58  ,                          0.58  ,   0.780162251,  42713725000,     145.732179  , True      ,                           0.1,                      200, , 4.27137E+13, 42713725000
CE_F56 , CEMENT   ,             4895238,                       0.6   ,                          0.57  ,                          0.57  ,   0.829033759,  33252272000,     195.6487346 , True      ,                           0.1,                      200, , 3.32523E+13, 33252272000
CE_F57 , CEMENT   ,             2425569,                       0.6   ,                          0.58  ,                          0.58  ,   0.856467736,  11319608000,     167.8161846 , True      ,                           0.1,                      200, , 1.13196E+13, 11319608000
CE_F58 , CEMENT   ,             1688705,                       0.62  ,                          0.6   ,                          0.6   ,   0.218128911,  35787777000,     183.2204745 , True      ,                           0.1,                      200, , 3.57878E+13, 35787777000
CE_F59 , CEMENT   ,             6427775,                       0.6   ,                          0.58  ,                          0.58  ,   0.165967002,  43842963000,     119.4727323 , True      ,                           0.1,                      200, , 4.3843E+13 , 43842963000
CE_F60 , CEMENT   ,              596503,                       0.58  ,                          0.55  ,                          0.55  ,   0.668670844,  40307779000,     146.9985638 , True      ,                           0.1,                      200, , 4.03078E+13, 40307779000
CE_F61 , CEMENT   ,             3800515,                       0.59  ,                          0.57  ,                          0.57  ,   0.390005339,  12097561000,     165.9630808 , True      ,                           0.1,                      200, , 1.20976E+13, 12097561000
CE_F62 , CEMENT   ,             1414107,                       0.6   ,                          0.58  ,                          0.58  ,   0.669885179,  29484003000,     194.8030363 , True      ,                           0.1,                      200, , 2.9484E+13 , 29484003000
CE_F63 , CEMENT   ,             3454741,                       0.6   ,                          0.57  ,                          0.57  ,   0.325515299,  22748563000,     135.9409092 , True      ,                           0.1,                      200, , 2.27486E+13, 22748563000
CE_F64 , CEMENT   ,             2258496,                       0.65  ,                          0.62  ,                          0.62  ,   0.548421324,  40520913000,     107.4518643 , True      ,                           0.1,                      200, , 4.05209E+13, 40520913000
CE_F65 , CEMENT   ,             4145715,                       0.71  ,                          0.68  ,                          0.68  ,   0.118985614,  45867540000,     150.3334474 , True      ,                           0.1,                      200, , 4.58675E+13, 45867540000
CE_F66 , CEMENT   ,             2540546,                       0.72  ,                          0.69  ,                          0.69  ,   0.869350773,  10843738000,     192.5485213 , True      ,                           0.1,                      200, , 1.08437E+13, 10843738000
CE_F67 , CEMENT   ,              419412,                       0.63  ,                          0.6   ,                          0.6   ,   0.835314881,  34714034000,     171.3900039 , True      ,                           0.1,                      200, , 3.4714E+13 , 34714034000
CE_F68 , CEMENT   ,             2916588,                       0.71  ,                          0.68  ,                          0.68  ,   0.441618636,  14664736000,     137.9607649 , True      ,                           0.1,                      200, , 1.46647E+13, 14664736000
CE_F69 , CEMENT   ,              964184,                       0.63  ,                          0.6   ,                          0.6   ,   0.76336772 ,  22086033000,     112.9735307 , True      ,                           0.1,                      200, , 2.2086E+13 , 22086033000
CE_F70 , CEMENT   ,             3917932,                       0.59  ,                          0.56  ,                          0.56  ,   0.885738496,  10179864000,     150.79156   , True      ,                           0.1,                      200, , 1.01799E+13, 10179864000
CE_F71 , CEMENT   ,              923349,                       0.65  ,                          0.62  ,                          0.62  ,   0.366628068,  43897811000,     180.4479126 , True      ,                           0.1,                      200, , 4.38978E+13, 43897811000
CE_F72 , CEMENT   ,              408107,                       0.68  ,                          0.65  ,                          0.65  ,   0.793917778,  27167527000,     127.1167734 , True      ,                           0.1,                      200, , 2.71675E+13, 27167527000
CE_F73 , CEMENT   ,             2867679,                       0.71  ,                          0.67  ,                          0.67  ,   0.723999374,  49466057000,      80.88874369, True      ,                           0.1,                      200, , 4.94661E+13, 49466057000
CE_F74 , CEMENT   ,              453502,                       0.71  ,                          0.66  ,                          0.66  ,   0.841475072,  23995045000,     201.5298338 , True      ,                           0.1,                      200, , 2.3995E+13 , 23995045000
CE_F75 , CEMENT   ,             1964528,                       0.74  ,                          0.73  ,                          0.73  ,   0.555501111,  30494312852,     146.0087903 , True      ,                           0.1,                      200, , 3.04943E+13, 30494312852
CE_F76 , CEMENT   ,             5677845,                       0.74  ,                          0.72  ,                          0.72  ,   0.556207577,  30488421866,     145.8548811 , True      ,                           0.1,                      200, , 3.04884E+13, 30488421866
CE_F77 , CEMENT   ,             3666167,                       0.77  ,                          0.75  ,                          0.75  ,   0.556914042,  30482530880,     145.700972  , True      ,                           0.1,                      200, , 3.04825E+13, 30482530880
CE_F78 , CEMENT   ,             2397993,                       0.77  ,                          0.75  ,                          0.75  ,   0.557620507,  30476639894,     145.5470628 , True      ,                           0.1,                      200, , 3.04766E+13, 30476639894
CE_F79 , CEMENT   ,             7723705,                       0.78  ,                          0.76  ,                          0.76  ,   0.558326972,  30470748908,     145.3931536 , True      ,                           0.1,                      200, , 3.04707E+13, 30470748908
CE_F80 , CEMENT   ,             2558098,                       0.77  ,                          0.75  ,                          0.75  ,   0.559033438,  30464857922,     145.2392445 , True      ,                           0.1,                      200, , 3.04649E+13, 30464857922
CE_F81 , CEMENT   ,            10585675,                       0.81  ,                          0.78  ,                          0.78  ,   0.559739903,  30458966936,     145.0853353 , True      ,                           0.1,                      200, , 3.0459E+13 , 30458966936
CE_F82 , CEMENT   ,             5506560,                       0.79  ,                          0.77  ,                          0.77  ,   0.560446368,  30453075951,     144.9314261 , True      ,                           0.1,                      200, , 3.04531E+13, 30453075951
CE_F83 , CEMENT   ,             1073920,                       0.76  ,                          0.73  ,                          0.73  ,   0.561152834,  30447184965,     144.7775169 , True      ,                           0.1,                      200, , 3.04472E+13, 30447184965
CE_F84 , CEMENT   ,            12716265,                       0.79  ,                          0.77  ,                          0.77  ,   0.561859299,  30441293979,     144.6236078 , True      ,                           0.1,                      200, , 3.04413E+13, 30441293979
CE_F85 , CEMENT   ,             3666138,                       0.81  ,                          0.79  ,                          0.79  ,   0.562565764,  30435402993,     144.4696986 , True      ,                           0.1,                      200, , 3.04354E+13, 30435402993
CE_F86 , CEMENT   ,             3331231,                       0.81  ,                          0.78  ,                          0.78  ,   0.563272229,  30429512007,     144.3157894 , True      ,                           0.1,                      200, , 3.04295E+13, 30429512007
CE_F87 , CEMENT   ,             1400465,                       0.8   ,                          0.77  ,                          0.77  ,   0.563978695,  30423621021,     144.1618803 , True      ,                           0.1,                      200, , 3.04236E+13, 30423621021
CE_F88 , CEMENT   ,              498960,                       0.82  ,                          0.79  ,                          0.79  ,   0.56468516 ,  30417730035,     144.0079711 , True      ,                           0.1,                      200, , 3.04177E+13, 30417730035
CE_F89 , CEMENT   ,             4650295,                       0.83  ,                          0.8   ,                          0.8   ,   0.565391625,  30411839049,     143.8540619 , True      ,                           0.1,                      200, , 3.04118E+13, 30411839049
CE_F90 , CEMENT   ,              536488,                       0.85  ,                          0.82  ,                          0.82  ,   0.56609809 ,  30405948063,     143.7001528 , True      ,                           0.1,                      200, , 3.04059E+13, 30405948063
CE_F91 , CEMENT   ,             1917350,                       0.84  ,                          0.81  ,                          0.81  ,   0.566804556,  30400057077,     143.5462436 , True      ,                           0.1,                      200, , 3.04001E+13, 30400057077
CE_F92 , CEMENT   ,             5422767,                       0.84  ,                          0.81  ,                          0.81  ,   0.567511021,  30394166091,     143.3923344 , True      ,                           0.1,                      200, , 3.03942E+13, 30394166091
CE_F93 , CEMENT   ,             2039429,                       0.83  ,                          0.8   ,                          0.8   ,   0.568217486,  30388275105,     143.2384253 , True      ,                           0.1,                      200, , 3.03883E+13, 30388275105
CE_F94 , CEMENT   ,             2217633,                       0.84  ,                          0.82  ,                          0.82  ,   0.568923951,  30382384120,     143.0845161 , True      ,                           0.1,                      200, , 3.03824E+13, 30382384120
CE_F95 , CEMENT   ,             3125768,                       0.83  ,                          0.81  ,                          0.81  ,   0.569630417,  30376493134,     142.9306069 , True      ,                           0.1,                      200, , 3.03765E+13, 30376493134
CE_F96 , CEMENT   ,             2902593,                       0.85  ,                          0.82  ,                          0.82  ,   0.570336882,  30370602148,     142.7766978 , True      ,                           0.1,                      200, , 3.03706E+13, 30370602148
CE_F97 , CEMENT   ,             1559199,                       0.79  ,                          0.77  ,                          0.77  ,   0.571043347,  30364711162,     142.6227886 , True      ,                           0.1,                      200, , 3.03647E+13, 30364711162
CE_F98 , CEMENT   ,             1293703,                       0.82  ,                          0.8   ,                          0.8   ,   0.571749812,  30358820176,     142.4688794 , True      ,                           0.1,                      200, , 3.03588E+13, 30358820176
CE_F99 , CEMENT   ,              854483,                       0.86  ,                          0.83  ,                          0.83  ,   0.572456278,  30352929190,     142.3149703 , True      ,                           0.1,                      200, , 3.03529E+13, 30352929190
CE_F100, CEMENT   ,             1409441,                       0.86  ,                          0.83  ,                          0.83  ,   0.573162743,  30347038204,     142.1610611 , True      ,                           0.1,                      200, , 3.0347E+13 , 30347038204
CE_F101, CEMENT   ,             2329730,                       0.86  ,                          0.83  ,                          0.83  ,   0.573869208,  30341147218,     142.0071519 , True      ,                           0.1,                      200, , 3.03411E+13, 30341147218
CE_F102, CEMENT   ,             2405161,                       0.86  ,                          0.83  ,                          0.83  ,   0.574575674,  30335256232,     141.8532428 , True      ,                           0.1,                      200, , 3.03353E+13, 30335256232
CE_F103, CEMENT   ,             4439110,                       0.87  ,                          0.84  ,                          0.84  ,   0.575282139,  30329365246,     141.6993336 , True      ,                           0.1,                      200, , 3.03294E+13, 30329365246
CE_F104, CEMENT   ,              404478,                       0.88  ,                          0.85  ,                          0.85  ,   0.575988604,  30323474260,     141.5454244 , True      ,                           0.1,                      200, , 3.03235E+13, 30323474260
CE_F105, CEMENT   ,              611663,                       0.86  ,                          0.83  ,                          0.83  ,   0.576695069,  30317583274,     141.3915153 , True      ,                           0.1,                      200, , 3.03176E+13, 30317583274
CE_F106, CEMENT   ,             2030379,                       0.84  ,                          0.81  ,                          0.81  ,   0.577401535,  30311692289,     141.2376061 , True      ,                           0.1,                      200, , 3.03117E+13, 30311692289
CE_F107, CEMENT   ,              499755,                       0.86  ,                          0.82  ,                          0.82  ,   0.578108   ,  30305801303,     141.0836969 , True      ,                           0.1,                      200, , 3.03058E+13, 30305801303
CE_F108, CEMENT   ,             1098257,                       0.85  ,                          0.82  ,                          0.82  ,   0.578814465,  30299910317,     140.9297878 , True      ,                           0.1,                      200, , 3.02999E+13, 30299910317
CE_F109, CEMENT   ,             3057103,                       0.87  ,                          0.84  ,                          0.84  ,   0.57952093 ,  30294019331,     140.7758786 , True      ,                           0.1,                      200, , 3.0294E+13 , 30294019331
CE_F110, CEMENT   ,              792958,                       0.89  ,                          0.86  ,                          0.86  ,   0.580227396,  30288128345,     140.6219694 , True      ,                           0.1,                      200, , 3.02881E+13, 30288128345
CE_F111, CEMENT   ,             3154665,                       0.91  ,                          0.87  ,                          0.87  ,   0.580933861,  30282237359,     140.4680603 , True      ,                           0.1,                      200, , 3.02822E+13, 30282237359
CE_F112, CEMENT   ,             1556219,                       0.9   ,                          0.86  ,                          0.86  ,   0.581640326,  30276346373,     140.3141511 , True      ,                           0.1,                      200, , 3.02763E+13, 30276346373
CE_F113, CEMENT   ,              543540,                       1.01  ,                          0.97  ,                          0.97  ,   0.582346791,  30270455387,     140.1602419 , True      ,                           0.1,                      200, , 3.02705E+13, 30270455387
CE_F114, CEMENT   ,             3045481,                       0.75  ,                          0.71  ,                          0.71  ,   0.583053257,  30264564401,     140.0063328 , True      ,                           0.1,                      200, , 3.02646E+13, 30264564401
CE_F115, CEMENT   ,             1478510,                       0.93  ,                          0.89  ,                          0.89  ,   0.583759722,  30258673415,     139.8524236 , True      ,                           0.1,                      200, , 3.02587E+13, 30258673415
CE_F116, CEMENT   ,             1329947,                       0.98  ,                          0.93  ,                          0.93  ,   0.584466187,  30252782429,     139.6985144 , True      ,                           0.1,                      200, , 3.02528E+13, 30252782429
CE_F117, CEMENT   ,             1541976,                       0.97  ,                          0.92  ,                          0.92  ,   0.585172652,  30246891443,     139.5446053 , True      ,                           0.1,                      200, , 3.02469E+13, 30246891443
CE_F118, CEMENT   ,              594457,                       1.08  ,                          1.01  ,                          1.01  ,   0.585879118,  30241000458,     139.3906961 , True      ,                           0.1,                      200, , 3.0241E+13 , 30241000458
CE_F119, CEMENT   ,              319686,                       1.11  ,                          1.02  ,                          1.02  ,   0.586585583,  30235109472,     139.2367869 , True      ,                           0.1,                      200, , 3.02351E+13, 30235109472
CE_F120, CEMENT   ,            14635552,                       0.32  ,                          0.31  ,                          0.31  ,   0.587292048,  30229218486,     139.0828778 , True      ,                           0.1,                      200, , 3.02292E+13, 30229218486
CE_F121, CEMENT   ,             8464317,                       0.35  ,                          0.34  ,                          0.34  ,   0.587998514,  30223327500,     138.9289686 , True      ,                           0.1,                      200, , 3.02233E+13, 30223327500
CE_F122, CEMENT   ,             7406765,                       0.51  ,                          0.5   ,                          0.5   ,   0.588704979,  30217436514,     138.7750594 , True      ,                           0.1,                      200, , 3.02174E+13, 30217436514
CE_F123, CEMENT   ,             2609926,                       0.42  ,                          0.4   ,                          0.4   ,   0.589411444,  30211545528,     138.6211503 , True      ,                           0.1,                      200, , 3.02115E+13, 30211545528
CE_F124, CEMENT   ,             1208919,                       0.49  ,                          0.45  ,                          0.45  ,   0.590117909,  30205654542,     138.4672411 , True      ,                           0.1,                      200, , 3.02057E+13, 30205654542
CE_F125, CEMENT   ,             2044915,                       0.77  ,                          0.76  ,                          0.76  ,   0.590824375,  30199763556,     138.3133319 , True      ,                           0.1,                      200, , 3.01998E+13, 30199763556
CE_F126, CEMENT   ,             1237400,                       0.79  ,                          0.78  ,                          0.78  ,   0.59153084 ,  30193872570,     138.1594228 , True      ,                           0.1,                      200, , 3.01939E+13, 30193872570
CE_F127, CEMENT   ,             2565858,                       0.83  ,                          0.81  ,                          0.81  ,   0.592237305,  30187981584,     138.0055136 , True      ,                           0.1,                      200, , 3.0188E+13 , 30187981584
CE_F128, CEMENT   ,             3017866,                       0.87  ,                          0.84  ,                          0.84  ,   0.59294377 ,  30182090598,     137.8516044 , True      ,                           0.1,                      200, , 3.01821E+13, 30182090598
CE_F129, CEMENT   ,              650932,                       0.87  ,                          0.85  ,                          0.85  ,   0.593650236,  30176199612,     137.6976953 , True      ,                           0.1,                      200, , 3.01762E+13, 30176199612
CE_F130, CEMENT   ,              638765,                       0.98  ,                          0.94  ,                          0.94  ,   0.594356701,  30170308627,     137.5437861 , True      ,                           0.1,                      200, , 3.01703E+13, 30170308627
CE_F131, CEMENT   ,             1557427,                       0.001 ,                          0.001 ,                          0.001 ,   0.595063166,  30164417641,     137.3898769 , True      ,                           0.1,                      200, , 3.01644E+13, 30164417641
CE_F132, CEMENT   ,             1437916,                       0.01  ,                          0.01  ,                          0.01  ,   0.595769631,  30158526655,     137.2359678 , True      ,                           0.1,                      200, , 3.01585E+13, 30158526655
CE_F133, CEMENT   ,             1230254,                       0.01  ,                          0.01  ,                          0.01  ,   0.596476097,  30152635669,     137.0820586 , True      ,                           0.1,                      200, , 3.01526E+13, 30152635669
CE_F134, CEMENT   ,             1401135,                       0.01  ,                          0.01  ,                          0.01  ,   0.597182562,  30146744683,     136.9281494 , True      ,                           0.1,                      200, , 3.01467E+13, 30146744683
CE_F135, CEMENT   ,             2787464,                       0.01  ,                          0.01  ,                          0.01  ,   0.597889027,  30140853697,     136.7742403 , True      ,                           0.1,                      200, , 3.01409E+13, 30140853697
CE_F136, CEMENT   ,             1929850,                       0.01  ,                          0.01  ,                          0.01  ,   0.598595492,  30134962711,     136.6203311 , True      ,                           0.1,                      200, , 3.0135E+13 , 30134962711
CE_F137, CEMENT   ,             2934833,                       0.02  ,                          0.02  ,                          0.02  ,   0.599301958,  30129071725,     136.4664219 , True      ,                           0.1,                      200, , 3.01291E+13, 30129071725
CE_F138, CEMENT   ,             2187031,                       0.02  ,                          0.02  ,                          0.02  ,   0.600008423,  30123180739,     136.3125128 , True      ,                           0.1,                      200, , 3.01232E+13, 30123180739
CE_F139, CEMENT   ,             2706941,                       0.02  ,                          0.02  ,                          0.02  ,   0.600714888,  30117289753,     136.1586036 , True      ,                           0.1,                      200, , 3.01173E+13, 30117289753
CE_F140, CEMENT   ,             1626580,                       0.02  ,                          0.02  ,                          0.02  ,   0.601421354,  30111398767,     136.0046944 , True      ,                           0.1,                      200, , 3.01114E+13, 30111398767
CE_F141, CEMENT   ,             1661535,                       0.02  ,                          0.02  ,                          0.02  ,   0.602127819,  30105507781,     135.8507853 , True      ,                           0.1,                      200, , 3.01055E+13, 30105507781
CE_F142, CEMENT   ,             2918900,                       0.02  ,                          0.02  ,                          0.02  ,   0.602834284,  30099616796,     135.6968761 , True      ,                           0.1,                      200, , 3.00996E+13, 30099616796
CE_F143, CEMENT   ,             3178059,                       0.02  ,                          0.02  ,                          0.02  ,   0.603540749,  30093725810,     135.5429669 , True      ,                           0.1,                      200, , 3.00937E+13, 30093725810
CE_F144, CEMENT   ,             2066619,                       0.02  ,                          0.02  ,                          0.02  ,   0.604247215,  30087834824,     135.3890578 , True      ,                           0.1,                      200, , 3.00878E+13, 30087834824
CE_F145, CEMENT   ,             1537182,                       0.02  ,                          0.02  ,                          0.02  ,   0.60495368 ,  30081943838,     135.2351486 , True      ,                           0.1,                      200, , 3.00819E+13, 30081943838
CE_F146, CEMENT   ,             2020290,                       0.02  ,                          0.02  ,                          0.02  ,   0.605660145,  30076052852,     135.0812394 , True      ,                           0.1,                      200, , 3.00761E+13, 30076052852
CE_F147, CEMENT   ,             1421803,                       0.02  ,                          0.02  ,                          0.02  ,   0.60636661 ,  30070161866,     134.9273303 , True      ,                           0.1,                      200, , 3.00702E+13, 30070161866
CE_F148, CEMENT   ,             3352630,                       0.02  ,                          0.02  ,                          0.02  ,   0.607073076,  30064270880,     134.7734211 , True      ,                           0.1,                      200, , 3.00643E+13, 30064270880
CE_F149, CEMENT   ,             1699039,                       0.02  ,                          0.02  ,                          0.02  ,   0.607779541,  30058379894,     134.6195119 , True      ,                           0.1,                      200, , 3.00584E+13, 30058379894
CE_F150, CEMENT   ,             3021872,                       0.02  ,                          0.02  ,                          0.02  ,   0.608486006,  30052488908,     134.4656028 , True      ,                           0.1,                      200, , 3.00525E+13, 30052488908
CE_F151, CEMENT   ,             1536323,                       0.02  ,                          0.02  ,                          0.02  ,   0.609192471,  30046597922,     134.3116936 , True      ,                           0.1,                      200, , 3.00466E+13, 30046597922
CE_F152, CEMENT   ,             3072183,                       0.02  ,                          0.02  ,                          0.02  ,   0.609898937,  30040706936,     134.1577844 , True      ,                           0.1,                      200, , 3.00407E+13, 30040706936
CE_F153, CEMENT   ,             2004899,                       0.02  ,                          0.02  ,                          0.02  ,   0.610605402,  30034815950,     134.0038753 , True      ,                           0.1,                      200, , 3.00348E+13, 30034815950
CE_F154, CEMENT   ,             3846091,                       0.02  ,                          0.02  ,                          0.02  ,   0.611311867,  30028924965,     133.8499661 , True      ,                           0.1,                      200, , 3.00289E+13, 30028924965
CE_F155, CEMENT   ,             2638809,                       0.02  ,                          0.02  ,                          0.02  ,   0.612018332,  30023033979,     133.6960569 , True      ,                           0.1,                      200, , 3.0023E+13 , 30023033979
CE_F156, CEMENT   ,             1116774,                       0.02  ,                          0.02  ,                          0.02  ,   0.612724798,  30017142993,     133.5421478 , True      ,                           0.1,                      200, , 3.00171E+13, 30017142993
CE_F157, CEMENT   ,             2659026,                       0.02  ,                          0.02  ,                          0.02  ,   0.613431263,  30011252007,     133.3882386 , True      ,                           0.1,                      200, , 3.00113E+13, 30011252007
CE_F158, CEMENT   ,             1441016,                       0.02  ,                          0.02  ,                          0.02  ,   0.614137728,  30005361021,     133.2343294 , True      ,                           0.1,                      200, , 3.00054E+13, 30005361021
CE_F159, CEMENT   ,             1059100,                       0.02  ,                          0.02  ,                          0.02  ,   0.614844193,  29999470035,     133.0804202 , True      ,                           0.1,                      200, , 2.99995E+13, 29999470035
CE_F160, CEMENT   ,             1636298,                       0.02  ,                          0.02  ,                          0.02  ,   0.615550659,  29993579049,     132.9265111 , True      ,                           0.1,                      200, , 2.99936E+13, 29993579049
CE_F161, CEMENT   ,             1274359,                       0.02  ,                          0.02  ,                          0.02  ,   0.616257124,  29987688063,     132.7726019 , True      ,                           0.1,                      200, , 2.99877E+13, 29987688063
CE_F162, CEMENT   ,             2397521,                       0.03  ,                          0.02  ,                          0.02  ,   0.616963589,  29981797077,     132.6186927 , True      ,                           0.1,                      200, , 2.99818E+13, 29981797077
CE_F163, CEMENT   ,             2580937,                       0.03  ,                          0.02  ,                          0.02  ,   0.617670055,  29975906091,     132.4647836 , True      ,                           0.1,                      200, , 2.99759E+13, 29975906091
CE_F164, CEMENT   ,             2343627,                       0.03  ,                          0.03  ,                          0.03  ,   0.61837652 ,  29970015105,     132.3108744 , True      ,                           0.1,                      200, , 2.997E+13  , 29970015105
CE_F165, CEMENT   ,             1908069,                       0.03  ,                          0.03  ,                          0.03  ,   0.619082985,  29964124119,     132.1569652 , True      ,                           0.1,                      200, , 2.99641E+13, 29964124119
CE_F166, CEMENT   ,             2299152,                       0.03  ,                          0.03  ,                          0.03  ,   0.61978945 ,  29958233134,     132.0030561 , True      ,                           0.1,                      200, , 2.99582E+13, 29958233134
CE_F167, CEMENT   ,              825818,                       0.03  ,                          0.03  ,                          0.03  ,   0.620495916,  29952342148,     131.8491469 , True      ,                           0.1,                      200, , 2.99523E+13, 29952342148
CE_F168, CEMENT   ,             1169127,                       0.03  ,                          0.03  ,                          0.03  ,   0.621202381,  29946451162,     131.6952377 , True      ,                           0.1,                      200, , 2.99465E+13, 29946451162
CE_F169, CEMENT   ,             1513204,                       0.03  ,                          0.03  ,                          0.03  ,   0.621908846,  29940560176,     131.5413286 , True      ,                           0.1,                      200, , 2.99406E+13, 29940560176
CE_F170, CEMENT   ,             1514881,                       0.03  ,                          0.03  ,                          0.03  ,   0.622615311,  29934669190,     131.3874194 , True      ,                           0.1,                      200, , 2.99347E+13, 29934669190
CE_F171, CEMENT   ,             1853913,                       0.04  ,                          0.03  ,                          0.03  ,   0.623321777,  29928778204,     131.2335102 , True      ,                           0.1,                      200, , 2.99288E+13, 29928778204
CE_F172, CEMENT   ,             3644388,                       0.04  ,                          0.03  ,                          0.03  ,   0.624028242,  29922887218,     131.0796011 , True      ,                           0.1,                      200, , 2.99229E+13, 29922887218
CE_F173, CEMENT   ,             2082352,                       0.04  ,                          0.03  ,                          0.03  ,   0.624734707,  29916996232,     130.9256919 , True      ,                           0.1,                      200, , 2.9917E+13 , 29916996232
CE_F174, CEMENT   ,             3940086,                       0.04  ,                          0.03  ,                          0.03  ,   0.625441172,  29911105246,     130.7717827 , True      ,                           0.1,                      200, , 2.99111E+13, 29911105246
CE_F175, CEMENT   ,             2840336,                       0.04  ,                          0.03  ,                          0.03  ,   0.626147638,  29905214260,     130.6178736 , True      ,                           0.1,                      200, , 2.99052E+13, 29905214260
CE_F176, CEMENT   ,             2420442,                       0.04  ,                          0.04  ,                          0.04  ,   0.626854103,  29899323274,     130.4639644 , True      ,                           0.1,                      200, , 2.98993E+13, 29899323274
CE_F177, CEMENT   ,             2283939,                       0.04  ,                          0.04  ,                          0.04  ,   0.627560568,  29893432289,     130.3100552 , True      ,                           0.1,                      200, , 2.98934E+13, 29893432289
CE_F178, CEMENT   ,              720570,                       0.04  ,                          0.04  ,                          0.04  ,   0.628267033,  29887541303,     130.1561461 , True      ,                           0.1,                      200, , 2.98875E+13, 29887541303
CE_F179, CEMENT   ,              618373,                       0.05  ,                          0.04  ,                          0.04  ,   0.628973499,  29881650317,     130.0022369 , True      ,                           0.1,                      200, , 2.98817E+13, 29881650317
CE_F180, CEMENT   ,             3769042,                       0.05  ,                          0.04  ,                          0.04  ,   0.629679964,  29875759331,     129.8483277 , True      ,                           0.1,                      200, , 2.98758E+13, 29875759331
CE_F181, CEMENT   ,              962304,                       0.05  ,                          0.04  ,                          0.04  ,   0.630386429,  29869868345,     129.6944186 , True      ,                           0.1,                      200, , 2.98699E+13, 29869868345
CE_F182, CEMENT   ,              721193,                       0.06  ,                          0.05  ,                          0.05  ,   0.631092895,  29863977359,     129.5405094 , True      ,                           0.1,                      200, , 2.9864E+13 , 29863977359
CE_F183, CEMENT   ,             6403206,                       0.07  ,                          0.06  ,                          0.06  ,   0.63179936 ,  29858086373,     129.3866002 , True      ,                           0.1,                      200, , 2.98581E+13, 29858086373
CE_F184, CEMENT   ,             1777990,                       0.07  ,                          0.06  ,                          0.06  ,   0.632505825,  29852195387,     129.2326911 , True      ,                           0.1,                      200, , 2.98522E+13, 29852195387
CE_F185, CEMENT   ,              724759,                       0.13  ,                          0.1   ,                          0.1   ,   0.63321229 ,  29846304401,     129.0787819 , True      ,                           0.1,                      200, , 2.98463E+13, 29846304401
CE_F186, CEMENT   ,             1605651,                       0.15  ,                          0.11  ,                          0.11  ,   0.633918756,  29840413415,     128.9248727 , True      ,                           0.1,                      200, , 2.98404E+13, 29840413415
